week,lepto_count,total_rain,mean_temp,max_temp
2025-53,6,0.14,26.43239583,32.75
2025-52,1,11.28,26.59077381,32.75
2025-51,2,51.62,26.35178571,31.89
2025-50,3,6.6,26.95934524,32.75
2025-49,25,18.21,26.80863095,32.8
2025-48,15,53.79,27.32071429,32.75
2025-47,29,0.89,27.85458333,33.75
2025-46,16,124.99,27.11434524,32.75
2025-45,12,23.86,27.72505952,33.75
2025-44,26,44.37,28.18696429,33.75
2025-43,28,124.99,28.01577381,33.92
2025-42,34,31.4,27.93380952,33.88
2025-41,47,51.62,27.62625,34.43
2025-40,62,96.17,27.27785714,33.88
2025-39,38,114.73,26.80839286,32.34
2025-38,34,126.27,26.9014881,31.75
2025-37,33,68.26,27.25202381,33.51
2025-36,27,130.54,26.7914881,31.75
2025-35,22,110.3,27.04095238,32.77
2025-34,24,95.33,27.59428571,34.1
2025-33,46,58.81,27.5352381,34.03
2025-32,125,31.36,27.98172619,35.75
2025-31,134,35.03,28.61660714,34.43
2025-30,64,226.18,26.65833333,31.75
2025-29,31,146.44,27.81232143,33.68
2025-28,20,64.96,28.01922619,33.73
2025-27,16,146.42,26.97345238,32.85
2025-26,14,70.68,27.83827381,34.21
2025-25,14,49.42,28.64470238,36.46
2025-24,12,83.37,28.07755952,34.75
2025-23,3,159.98,28.81642857,35.56
2025-22,5,62.92,29.7647619,37.49
2025-21,5,1.17,31.22982143,38.52
2025-20,4,21.09,30.07130952,37.15
2025-19,4,41.09,29.59375,36.16
2025-18,1,4.26,31.12964286,38.95
2025-17,2,0,30.88154762,39.14
2025-16,3,2.92,29.91785714,38.08
2025-15,2,1.3,30.54285714,38.17
2025-14,5,3.18,28.89720238,35.81
2025-13,4,5.21,28.86791667,37.35
2025-12,4,0,27.59482143,34.81
2025-11,2,0.87,28.09940476,35.62
2025-10,3,6.49,28.40684524,36.1
2025-9,4,0,26.43654762,34.81
2025-8,3,9.57,27.10946429,33.75
2025-7,6,22.69,26.66238095,33.32
2025-6,4,6.13,27.27416667,35.01
2025-5,4,6.59,26.00755952,33.81
2025-4,5,0.45,27.03,33.52
2025-3,7,3.63,26.33488095,32.76
2025-2,3,0,25.9075,31.81
2025-1,4,36.72,26.88302083,32.81
2024-52,0,25.51,26.557875,32.75
2024-51,9,2.23,26.73297619,32.06
2024-50,10,81.7,27.17517857,33.03
2024-49,13,67.64,27.44952381,33.75
2024-48,15,7.61,27.50363095,33.75
2024-47,12,43.18,27.36386905,33.58
2024-46,6,46.71,28.08309524,33.75
2024-45,22,20.08,27.99583333,33.81
2024-44,18,28.97,28.10702381,33.75
2024-43,17,134.58,27.41660714,34.75
2024-42,21,21.13,28.47053571,33.75
2024-41,12,53.5,27.76261905,33.75
2024-40,20,30.21,28.1547619,34.49
2024-39,30,15.15,29.03654762,35.75
2024-38,40,146.06,27.02279762,32.22
2024-37,52,61.9,27.91369048,33.51
2024-36,31,144.43,26.71654762,33.75
2024-35,12,98.7,28.04142857,34.74
2024-34,16,56.44,28.82839286,35.75
2024-33,38,37.77,28.98071429,34.96
2024-32,119,157.69,28.21583333,33.75
2024-31,102,70.28,28.06916667,34.29
2024-30,29,164.96,27.47119048,32.75
2024-29,2,42.39,28.71613095,33.75
2024-28,7,64.69,28.90529762,35.07
2024-27,6,50.57,29.1714881,35.8
2024-26,1,32.71,29.39732143,36.04
2024-25,3,32.61,29.81333333,36.09
2024-24,4,28.88,30.05761905,36.47
2024-23,2,48.81,29.20363095,36.96
2024-22,2,82.23,29.85952381,36.24
2024-21,1,37.23,30.36940476,36.86
2024-20,1,36.04,30.76547619,39.49
2024-19,1,2.24,31.79404762,39.27
2024-18,0,0.27,32.21107143,40.03
2024-17,1,3.94,31.77511905,40.3
2024-16,1,0,31.30238095,38.75
2024-15,0,0,30.65928571,38.22
2024-14,1,0,29.66880952,37.62
2024-13,1,8.14,29.69583333,37.44
2024-12,1,0.76,28.10178571,34.78
2024-11,3,0.29,28.46940476,35.14
2024-10,1,0.14,28.29797619,36.75
2024-9,2,0,27.20303571,34.12
2024-8,0,0,27.87702381,35.75
2024-7,1,0,26.94392857,33.58
2024-6,2,0,27.72553571,35.05
2024-5,4,0,26.14708333,33.84
2024-4,4,2.5,26.27333333,33.73
2024-3,4,0,26.20214286,33.21
2024-2,3,0.45,27.26666667,34.91
2024-1,0,1.4,27.69902778,34.91
2023-52,2,0.75,27.79942708,34.59
2023-51,3,8.06,27.10083333,33.34
2023-50,3,6.05,27.73309524,34.75
2023-49,9,6.31,28.03339286,34.13
2023-48,2,1.26,28.29940476,34.72
2023-47,3,0.88,27.1852381,33.75
2023-46,4,6.01,27.75565476,33.9
2023-45,4,3.37,28.5785119,34.75
2023-44,12,48.58,28.27214286,34.3
2023-43,8,61.81,27.72238095,33.78
2023-42,10,31.28,27.69910714,33.75
2023-41,14,12.01,28.6822619,34.75
2023-40,7,55.21,27.92059524,33.75
2023-39,10,43.99,28.52970238,34.43
2023-38,12,48.26,28.48970238,34.75
2023-37,32,32.49,28.13285714,34.07
2023-36,15,88.92,28.20464286,35.07
2023-35,17,88.05,27.73761905,32.63
2023-34,11,62.82,28.54815476,34.75
2023-33,32,32.82,29.29589286,34.83
2023-32,70,14.87,29.88738095,35.14
2023-31,46,56.72,27.87892857,33.85
2023-30,41,147.81,27.55220238,33.78
2023-29,17,58.77,28.24166667,34.75
2023-28,9,135.39,28.77482143,37.15
2023-27,6,16.09,30.6989881,37.51
2023-26,3,55.25,28.91982143,35.95
2023-25,0,17.33,29.89357143,36.92
2023-24,1,34.64,28.70160714,36.01
2023-23,3,66.07,29.12380952,35.18
2023-22,4,16.08,30.95053571,38.04
2023-21,2,24.72,29.82214286,36.52
2023-20,2,27.47,30.18428571,37.39
2023-19,6,23.56,30.14958333,38.02
2023-18,6,3.79,30.68428571,38.68
2023-17,2,30.68,30.15666667,37.85
2023-16,2,6.07,30.53678571,37.76
2023-15,4,21.36,28.85714286,36.38
2023-14,2,0.96,29.43720238,37.2
2023-13,1,1.26,30.01119048,37.19
2023-12,2,0.11,29.38952381,37.15
2023-11,2,0,27.94839286,35.75
2023-10,2,0.11,26.85755952,34.02
2023-9,1,0,26.84857143,33.92
2023-8,1,43.19,27.15964286,34.55
2023-7,3,3.29,27.33434524,34.81
2023-6,3,2.69,27.21666667,34.35
2023-5,3,0.29,26.74952381,34.24
2023-4,1,3.58,26.2897619,34.67
2023-3,5,5.58,26.74011905,33.08
2023-2,4,0,25.75952381,32.5
2023-1,8,22.01,26.18119048,33.29
2022-52,2,4.95,25.56178571,32.75
2022-51,2,13.35,26.12904762,31.75
2022-50,6,4.76,27.52595238,33.75
2022-49,8,3.25,27.65053571,33.75
2022-48,3,0,28.0602381,34.75
2022-47,3,7.22,27.62119048,33.75
2022-46,4,24.72,27.65232143,34.76
2022-45,10,10.03,27.84958333,33.75
2022-44,9,58,27.12255952,32.75
2022-43,9,108.63,27.36458333,33.75
2022-42,13,57.81,27.99291667,33.12
2022-41,15,22.47,28.48357143,34.75
2022-40,9,32.55,28.25791667,33.83
2022-39,11,133.21,27.45910714,33.75
2022-38,16,106.67,27.20041667,33.75
2022-37,8,11.46,28.10702381,33.89
2022-36,9,42.39,28.32416667,35.07
2022-35,6,96.92,27.68470238,33.75
2022-34,16,160.48,27.69666667,34.66
2022-33,11,94.21,27.47130952,32.75
2022-32,10,72.53,27.13089286,34.75
2022-31,3,105.55,27.44160714,33.75
2022-30,13,57.09,28.91577381,36.75
2022-29,28,28.16,28.44982143,35.75
2022-28,18,52.38,28.74595238,34.92
2022-27,5,43.54,28.34625,34.75
2022-26,5,89.61,27.64714286,33.26
2022-25,8,43.62,28.74958333,36.75
2022-24,7,43.97,29.69970238,36.75
2022-23,19,17.01,29.90488095,36.75
2022-22,5,20.14,29.2725,35.8
2022-21,6,32.82,29.06047619,36.69
2022-20,1,177.15,27.39386905,35.63
2022-19,23,4.28,31.2014881,38.75
2022-18,3,3.03,30.55946429,38.75
2022-17,0,7.09,30.3760119,36.85
2022-16,3,3.88,29.46315476,36.79
2022-15,24,4.47,28.92660714,36.52
2022-14,6,9.58,28.39541667,36.09
2022-13,2,3.13,29.49,36.45
2022-12,2,2.88,29.57595238,36.75
2022-11,1,18.57,28.92053571,35.98
2022-10,4,0.67,28.30125,35.85
2022-9,2,0.25,27.69172619,35.38
2022-8,1,1.58,27.1447619,34.73
2022-7,0,5.51,27.25583333,34.39
2022-6,18,0.37,26.72345238,34
2022-5,1,1.06,26.36767857,33.59
2022-4,2,9.03,27.33434524,33.52
2022-3,4,14.18,25.2825,32.25
2022-2,21,0.75,25.12875,31.86
2022-1,6,0.35,25.21208333,31.73
2021-52,3,9.62,25.28777778,31.78
2021-51,0,28.59,26.71630952,33.41
2021-50,1,45.28,26.90845238,34.43
2021-49,0,0,25.89565476,32.49
2021-48,0,3.51,26.98821429,33.69
2021-47,2,5.52,27.78166667,34
2021-46,0,8.04,28.00029762,33.88
2021-45,2,7.09,27.95916667,34.57
2021-44,6,0.36,28.04803571,34.68
2021-43,3,10.24,27.1852381,34.09
2021-42,5,12.29,27.84946429,33.73
2021-41,4,129.9,27.20541667,33.3
2021-40,1,38.48,27.34684524,34.04
2021-39,9,28.56,28.39803571,34.69
2021-38,4,33.17,28.28583333,34.25
2021-37,6,33.89,27.97434524,34.23
2021-36,0,139.88,26.96,32.76
2021-35,1,72.24,27.36803571,33.27
2021-34,1,43.32,27.4739881,34.09
2021-33,4,38.68,27.97125,34.33
2021-32,15,86.9,27.75672619,33.92
2021-31,8,39.31,29.1,33.11
2021-30,3,65.64,28.17666667,32.25
2021-29,0,129.12,26.76690476,31.85
2021-28,2,32.37,28.68291667,35.46
2021-27,2,23.84,28.65708333,35.01
2021-26,3,42.58,28.69779762,36.24
2021-25,1,91.6,27.88011905,34.75
2021-24,3,34.87,29.32113095,36.65
2021-23,0,46.8,28.22589286,34.75
2021-22,0,49.58,30.13255952,39.26
2021-21,1,8.99,31.58142857,39.38
2021-20,1,2.81,31.46696429,39.46
2021-19,1,2.54,31.29940476,38.81
2021-18,1,2.2,30.48297619,37.81
2021-17,1,0.21,29.07744048,37.81
2021-16,0,3.99,29.33589286,36.84
2021-15,2,7.58,29.66684524,36.81
2021-14,2,1.43,29.18761905,35.84
2021-13,2,0.12,29.25255952,36.81
2021-12,1,5.7,28.33196429,35.81
2021-11,1,27.27,28.17845238,36.81
2021-10,1,0.77,27.08232143,33.81
2021-9,1,18.64,27.70434524,34.01
2021-8,3,12.84,27.27053571,34.75
2021-7,2,2.05,25.20255952,31.81
2021-6,5,20.12,26.53005952,33.81
2021-5,2,0.17,25.37785714,32.81
2021-4,6,11.03,25.67678571,31.81
2021-3,8,111,26.36041667,32.75
2021-2,7,0,25.48488095,32.06
2021-1,8,3.06,26.0537037,33.1
2020-52,13,57.65,26.64409722,33.81
2020-51,4,65.32,26.66529762,33.81
2020-50,3,15.86,27.35589286,34.31
2020-49,14,35.38,26.69982143,32.81
2020-48,26,3.5,26.83297619,33.81
2020-47,13,0,27.73,34.81
2020-46,13,145.55,27.04345238,32.81
2020-45,8,15.05,27.11065476,33.6
2020-44,11,60.83,27.39154762,34.81
2020-43,11,94.51,27.26547619,33.81
2020-42,7,97.37,26.91357143,33.81
2020-41,7,26.51,28.1385119,34.21
2020-40,6,29.64,28.5989881,34.81
2020-39,1,52.4,28.46321429,35.81
2020-38,3,75.26,27.80065476,35.51
2020-37,3,50.44,28.53333333,35.81
2020-36,1,45.06,28.55005952,34.77
2020-35,4,18.31,28.9802381,34.62
2020-34,5,77.91,27.37886905,34.43
2020-33,3,80.51,27.3425,33.75
2020-32,1,54.28,27.82166667,33.91
2020-31,3,259.03,27.5722619,35.41
2020-30,4,35.4,28.79654762,35.9
2020-29,4,27.68,28.92041667,35.53
2020-28,5,43.04,29.31970238,36.81
2020-27,7,31.24,28.60720238,35.81
2020-26,4,33.96,29.31940476,36.81
2020-25,5,37.41,29.10517857,36.51
2020-24,3,72.86,28.64005952,36.81
2020-23,0,3.86,30.30505952,37.81
2020-22,1,36.17,29.27785714,35.81
2020-21,1,47.22,29.535,35.31
2020-20,0,145.76,29.74505952,37.23
2020-19,3,3.61,31.39547619,39.11
2020-18,0,1.42,30.25595238,37.81
2020-17,0,0.29,30.3789881,37.31
2020-16,0,7.43,28.68125,36.01
2020-15,0,5.04,29.25297619,35.81
2020-14,0,0,29.21011905,37.41
2020-13,1,0,29.01190476,36.81
2020-12,1,0.13,27.9747619,35.91
2020-11,0,4.41,28.8664881,36.38
2020-10,2,0,27.76607143,35.91
2020-9,0,0.55,26.54880952,33.91
2020-8,2,0,25.85755952,34.81
2020-7,4,0,25.38011905,32.99
2020-6,3,3.97,25.32660714,32.81
2020-5,2,1.52,25.24166667,33.21
2020-4,4,17.82,25.6264881,32.81
2020-3,7,0.98,26.81130952,33.81
2020-2,12,0,26.51357143,32.81
2020-1,8,0,26.26916667,32.89
2019-52,3,8.75,26.789875,33.44
2019-51,3,0,26.88279762,33.12
2019-50,5,0,26.57636905,33.2
2019-49,4,35.7,26.45880952,32.81
2019-48,3,2.34,26.73160714,32.81
2019-47,5,81.96,27.32559524,33.81
2019-46,5,4.87,27.3022619,33.81
2019-45,0,46.92,27.11422619,32.89
2019-44,7,19.81,27.83827381,35.28
2019-43,13,1.86,28.42654762,33.86
2019-42,20,0,28.51755952,34.81
2019-41,16,4.83,28.14809524,33.81
2019-40,41,35.39,27.39559524,33.81
2019-39,26,6.16,28.54285714,34.81
2019-38,19,192.75,26.36636905,31.81
2019-37,24,79.12,26.8864881,32.84
2019-36,17,78.88,27.58142857,33.81
2019-35,23,93.11,26.86029762,32.99
2019-34,27,89.3,27.93958333,34.81
2019-33,25,32.54,28.94690476,33.92
2019-32,15,81.08,27.49392857,31.81
2019-31,20,110.87,26.41553571,31.24
2019-30,7,67.73,27.99291667,34.81
2019-29,11,88.78,27.85035714,33.81
2019-28,6,33.23,28.96827381,35.23
2019-27,11,89.31,28.29970238,35.44
2019-26,5,144.9,28.14738095,35.86
2019-25,3,15.96,30.29303571,36.81
2019-24,5,54.51,29.30630952,37.78
2019-23,3,10.13,30.80446429,37.47
2019-22,2,21.3,29.51761905,36.81
2019-21,6,20.51,29.37440476,36.42
2019-20,3,21.53,29.92732143,36.24
2019-19,1,106.09,28.1660119,34.81
2019-18,1,10.19,30.24178571,37.55
2019-17,1,0,30.49833333,38.4
2019-16,2,2.54,29.9877381,36.87
2019-15,1,24.1,30.10428571,37.81
2019-14,4,1,29.29833333,36.64
2019-13,1,1.31,28.58154762,35.81
2019-12,0,0,28.39392857,35.81
2019-11,2,2.31,28.20803571,34.81
2019-10,2,0,27.90505952,34.95
2019-9,1,0,26.74291667,33.81
2019-8,1,0,25.94119048,32.81
2019-7,4,0,25.65696429,33.81
2019-6,1,0,26.15982143,33.81
2019-5,7,0.67,24.50886905,30.82
2019-4,1,0,26.01095238,32.81
2019-3,2,0,25.37113095,31.85
2019-2,7,0,25.69613095,32.09
2019-1,6,3.61,25.87383333,31.81
2018-52,2,104.06,25.76416667,33.56
2018-51,1,19.18,27.00434524,33.06
2018-50,3,0,27.5897619,33.87
2018-49,3,0,27.69011905,33.93
2018-48,4,0,27.43053571,33.86
2018-47,6,3.3,27.34880952,33.01
2018-46,6,1.35,27.60184524,33.86
2018-45,7,0,27.78553571,34.06
2018-44,7,61.08,27.59011905,33.81
2018-43,7,0,28.46386905,33.96
2018-42,7,13.61,28.49345238,34.81
2018-41,8,6.36,28.81678571,35.06
2018-40,15,81.42,27.8972619,33.81
2018-39,18,8.25,28.49785714,35.81
2018-38,15,29.58,27.83244048,33.88
2018-37,11,97.06,27.03934524,34.81
2018-36,20,83.18,26.99857143,33.81
2018-35,24,48.94,27.71880952,34.75
2018-34,20,70.98,27.4697619,32.16
2018-33,20,120.75,27.13577381,31.81
2018-32,39,126.93,27.1439881,32.81
2018-31,52,51.66,28.18380952,33.33
2018-30,27,89.46,26.90517857,33.06
2018-29,12,164.66,26.64988095,31.81
2018-28,17,150.97,27.11428571,32.86
2018-27,18,68.57,27.92928571,33.18
2018-26,20,63.82,27.97553571,34.81
2018-25,5,68.96,28.03541667,34.75
2018-24,1,134.81,26.85785714,31.66
2018-23,1,87.25,28.81011905,37.39
2018-22,1,8.73,30.91464286,37.95
2018-21,1,26.44,30.29821429,37.95
2018-20,3,4.65,30.94821429,38.06
2018-19,4,11.16,30.51619048,38.06
2018-18,1,0.67,30.80357143,38.81
2018-17,0,4.59,30.27863095,37.5
2018-16,5,0.39,30.05232143,37.71
2018-15,7,5.39,29.2660119,37.06
2018-14,5,5.42,28.26345238,35.36
2018-13,4,0.97,27.47142857,34.71
2018-12,8,0.13,27.64607143,35.71
2018-11,6,0.26,27.47940476,35.81
2018-10,0,0.74,27.96494048,36.81
2018-9,2,0.69,28.49535714,35.26
2018-8,1,0,27.99880952,34.81
2018-7,5,0.6,27.47517857,34.81
2018-6,2,2.53,25.55458333,32.06
2018-5,2,5.19,26.34065476,32.36
2018-4,3,31.37,26.80589286,33.17
2018-3,4,40.85,25.96416667,32.06
2018-2,1,2.27,26.58404762,33.81
2018-1,5,3.9,26.55506944,32.48
2017-52,1,62.36,26.49145833,32.81
2017-51,0,22.79,26.45488095,32.81
2017-50,1,2.64,26.73779762,33.07
2017-49,2,0.44,27.75178571,33.81
2017-48,4,4.87,27.88214286,34.06
2017-47,8,8.96,27.8314881,34.06
2017-46,3,7.99,27.93666667,33.81
2017-45,4,55.81,27.21761905,33.06
2017-44,5,79.32,26.69452381,33.81
2017-43,6,9.57,27.57886905,32.84
2017-42,7,10.22,28.17184524,34.81
2017-41,5,242.8,27.0322619,33.81
2017-40,3,23.39,27.9627381,33.81
2017-39,5,35.45,27.64892857,33.86
2017-38,4,88.59,28.20422619,34.75
2017-37,8,51.94,28.10797619,35.81
2017-36,8,15.87,28.51666667,35.81
2017-35,6,19.8,28.29386905,34.81
2017-34,12,91.43,26.80910714,33.61
2017-33,11,58.14,28.94053571,35.56
2017-32,14,28.34,28.87345238,35.09
2017-31,14,114.27,28.29196429,33.81
2017-30,7,66.56,27.5275,33.46
2017-29,9,63,27.5689881,33.81
2017-28,7,66.36,27.87875,33.81
2017-27,5,39.71,28.26291667,35.81
2017-26,4,48.13,29.03940476,36.1
2017-25,1,18.78,29.43982143,36.17
2017-24,8,13.45,29.3622619,35.81
2017-23,2,49.67,29.10613095,35.34
2017-22,1,48.87,29.06017857,35.06
2017-21,2,140.08,28.37375,35.81
2017-20,3,30.24,30.21011905,36.81
2017-19,1,1.99,30.86440476,38.3
2017-18,2,11.77,29.93619048,37.21
2017-17,2,4.04,30.22059524,37.81
2017-16,1,11.3,29.8810119,36.81
2017-15,3,5.55,29.89267857,36.81
2017-14,2,0.59,27.73166667,35.81
2017-13,0,0.71,28.51077381,36.34
2017-12,3,6.23,28.29690476,35.92
2017-11,0,0,27.80940476,36.06
2017-10,1,0,26.86386905,34.81
2017-9,3,3.64,26.86571429,33.86
2017-8,5,13.93,26.77154762,34.81
2017-7,3,12.65,24.24541667,30.86
2017-6,0,0.23,25.65761905,32.06
2017-5,2,46.57,26.40160714,33.06
2017-4,2,17.42,25.29190476,32.31
2017-3,2,0,25.60011905,31.81
2017-2,4,37.24,26.07738095,32.81
2017-1,6,0,26.36892857,32.86
2016-52,0,4.45,27.4522619,33.81
2016-51,3,0.14,27.0522619,33.26
2016-50,3,38.81,26.71166667,32.81
2016-49,4,32.75,27.61767857,33.1
2016-48,4,3.77,27.48630952,33.26
2016-47,3,49.58,26.90291667,33.86
2016-46,10,6.97,27.62416667,33.81
2016-45,19,0.31,27.11869048,32.81
2016-44,15,2.3,27.96964286,34.56
2016-43,27,2.23,28.41017857,34.06
2016-42,27,121.56,27.53434524,33.81
2016-41,12,171.86,27.38744048,33
2016-40,11,75.92,27.11559524,32.81
2016-39,8,70.94,27.22738095,34.81
2016-38,4,91.22,27.55232143,33.81
2016-37,7,54.82,27.96809524,34.06
2016-36,13,47.33,28.07369048,34.06
2016-35,12,49.46,27.82422619,33.81
2016-34,14,62.19,28.08113095,33.24
2016-33,5,113.46,27.74130952,33.01
2016-32,3,162.32,26.7227381,32.06
2016-31,0,45.2,28.2364881,35.23
2016-30,9,43.69,29.1777381,35.91
2016-29,10,36.63,28.67565476,35.46
2016-28,4,32.08,28.21005952,34.81
2016-27,1,177.68,27.43863095,33.75
2016-26,1,61.7,28.36160714,35.01
2016-25,2,40.31,29.20845238,36.06
2016-24,4,59.05,29.26875,36.06
2016-23,1,90.63,28.71386905,35.05
2016-22,2,50.28,29.22065476,36.65
2016-21,1,39.06,29.55994048,35.88
2016-20,0,33.07,29.65130952,37.45
2016-19,1,3.31,30.96517857,38.37
2016-18,0,3.98,31.10184524,37.48
2016-17,0,10.21,30.79113095,37.68
2016-16,2,0.47,30.56803571,37.62
2016-15,1,2.33,30.87053571,38.57
2016-14,4,0,29.33095238,36.78
2016-13,1,9.98,28.23738095,35.6
2016-12,1,0.93,29.16940476,35.71
2016-11,5,0.18,28.72363095,35.94
2016-10,5,0.77,28.73886905,35.28
2016-9,4,8.94,26.99416667,33.68
2016-8,3,0.85,26.97279762,34.09
2016-7,1,0,26.67422619,33.45
2016-6,2,0,25.6064881,33.74
2016-5,4,10.76,26.86357143,33.35
2016-4,6,2.53,26.09261905,32.8
2016-3,2,0.26,27.08011905,33.12
2016-2,3,0.1,26.75988095,32.76
2016-1,10,2.49,26.17722222,32.49
2015-52,8,7.18,25.52891667,31.74
2015-51,4,24.05,26.09297619,32.13
2015-50,3,228.57,25.50630952,33.66
2015-49,1,4.48,27.95553571,33.82
2015-48,6,2.96,27.38517857,34.36
2015-47,3,0.11,27.64386905,34.46
2015-46,12,0.12,27.11142857,33.78
2015-45,17,0.24,27.57488095,33.91
2015-44,76,0,27.76404762,33.66
2015-43,24,7.66,27.56690476,34.01
2015-42,13,152.77,27.20059524,33.08
2015-41,8,66.55,27.65505952,33.46
2015-40,8,9.19,28.12946429,34.06
2015-39,7,168.33,27.40779762,33.89
2015-38,2,21.52,28.67880952,34.59
2015-37,8,26.2,28.19886905,34.88
2015-36,6,65.73,27.88,34.23
2015-35,7,44.28,27.77470238,34.06
2015-34,5,63.64,27.04809524,33.76
2015-33,14,58.2,28.43059524,34.51
2015-32,14,76.8,28.03434524,34.77
2015-31,10,23.28,28.93952381,34.38
2015-30,14,31.06,27.8564881,34.1
2015-29,12,24.63,28.1385119,34.11
2015-28,4,86.55,27.56803571,31.82
2015-27,7,115.83,26.42416667,31.17
2015-26,1,41.37,29.57583333,35.92
2015-25,2,58.8,28.86047619,35.97
2015-24,0,37,29.57625,37.27
2015-23,1,15.46,30.41755952,37.97
2015-22,1,6.95,30.39613095,37.6
2015-21,1,33.96,29.45666667,38
2015-20,2,6.51,30.81214286,38.15
2015-19,0,6.59,29.92220238,36.84
2015-18,0,37.79,29.05404762,36.12
2015-17,0,1.05,30.33220238,37.73
2015-16,0,13.52,29.35839286,36.87
2015-15,1,3.91,29.18291667,36.81
2015-14,1,2.19,28.5802381,36.4
2015-13,2,0,28.77136905,36.44
2015-12,2,2.34,27.28946429,34.43
2015-11,2,0.88,27.39785714,35.11
2015-10,4,0.54,26.30904762,33.67
2015-9,3,0,26.56303571,33.97
2015-8,0,0,26.115,33.68
2015-7,0,4.84,25.75363095,32.36
2015-6,0,4.02,25.51589286,31.91
2015-5,3,0.14,24.22732143,30.66
2015-4,3,0,24.78220238,31.26
2015-3,2,44.76,24.8235119,31.26
2015-2,1,0.63,24.84916667,31.67
2015-1,6,8.96,24.39554167,31.56
2014-52,4,13.21,25.92518939,32.1
2014-51,2,14.53,26.25494048,32.46
2014-50,2,30.78,26.34392857,32.86
2014-49,3,4.29,26.82833333,33.46
2014-48,3,3.71,27.60833333,34.06
2014-47,9,10.68,27.73940476,34.26
2014-46,9,36.96,26.80464286,33.46
2014-45,37,2.57,26.85833333,33.81
2014-44,42,7.1,27.26833333,33.86
2014-43,40,10.3,27.46696429,33.42
2014-42,22,116.15,26.53744048,32.66
2014-41,27,43.01,27.52452381,33.75
2014-40,27,15.63,27.8464881,34.31
2014-39,12,27.01,27.80208333,33.97
2014-38,10,178.01,26.93440476,33.75
2014-37,7,101,27.47005952,32.64
2014-36,4,37.58,27.41660714,32.91
2014-35,5,83.43,26.73904762,33.36
2014-34,10,109.11,27.4160119,34.06
2014-33,13,15.66,28.78357143,34.75
2014-32,16,74.22,27.65892857,34.06
2014-31,13,101.51,27.45494048,31.75
2014-30,10,139.41,26.95113095,33.06
2014-29,3,92.59,27.37797619,34.81
2014-28,6,62.16,28.46636905,34.56
2014-27,4,52.75,28.32946429,34.56
2014-26,0,79.13,28.40571429,34.71
2014-25,4,76.77,28.70607143,36.06
2014-24,1,123.12,27.51291667,34.9
2014-23,1,49.93,29.81779762,37.74
2014-22,0,25.58,30.01684524,38.04
2014-21,0,20.89,30.58369048,39.54
2014-20,1,1.39,31.05571429,38.36
2014-19,2,18.61,30.42642857,37.86
2014-18,0,16.05,29.53547619,37.2
2014-17,1,10.54,29.91839286,37.06
2014-16,2,3.64,29.29071429,37.43
2014-15,1,5.9,28.72452381,35.56
2014-14,1,0.14,29.28202381,36.27
2014-13,1,24.31,27.87672619,35.5
2014-12,2,0,27.41541667,35.09
2014-11,0,0,27.41934524,34.8
2014-10,0,0,26.84720238,33.75
2014-9,0,0.71,25.61910714,33.17
2014-8,1,0.35,25.47779762,31.75
2014-7,1,0.47,25.89761905,34.03
2014-6,2,0.42,27.42136905,33.96
2014-5,0,0,24.6327381,32.12
2014-4,1,0,23.34363095,29.88
2014-3,1,0.55,24.47535714,31.36
2014-2,3,0,25.09464286,31.74
2014-1,3,0,25.400625,32.06
